# Orginal file //FishNpctdev20141006_123623.csv// received from Dr. Howe on 6 Oct 2014 via email //files//.,,,,,,,,,,,,,,,,,,,,,,,,,,,,,,,,,,,,,,,,,,,,,,,,,,,,,,,,,,,,,,,,,,,,,,,,,,,,,,,,,,,,,,,,,
,dvmrrgnm,Alewife,AmericanEel,BandedKillifish,Bl.Br.Bullhead,BlackCrappie,BlackchinShiner,BlacknoseDace,BlacknoseShiner,BluegillSunfish,BluntnoseMinnow,Bowfin,BrassyMinnow,BrookStickleback,BrookTrout,Bullhead.catfish,Burbot,Carpsucker,CentralMudminnow,ChannelCatfish,ChinookSalmon,Chub,CohoSalmon,CommonShiner,CreekChub,Darter,EasternLongnoseSucker,EasternSlimySculpin,EmeraldShiner,EurasianRuffe,EuropeanCarp,FatheadMinnow,FinescaleDace,FreshwaterDrum,GizzardShad,GoldenShiner,Goldfish,GreatLakesMuskellunge,GreenSunfish,HorneyheadChub,JohnnyDarter,LakeChub,LargemouthBass,LeastDarter,Logperch,LongnoseDace,Minnow,MottledSculpin,NinespineStickleback,NorthernBrookSilverside,NorthernHogsucker,NorthernLongnoseGar,NorthernMimicShiner,NorthernPike,NorthernRedbellyDace,NorthernRedhorse,NorthernRockBass,PumpkinseedSunfish,QuillbackCarpsucker,RainbowSmelt,RainbowTrout,Redhorse,RoundGoby,SandShiner,Sculpin,SeaLamprey,Shiner,ShortnoseGar,SilverRedhorse,SmallmouthBass,SpotfinShiner,SpottailShiner,SpottedGar,SpottedSucker,Stonecat,Sunfish,TadpoleMadtom,ThreespineStickleback,Troutperch,Walleye,Warmouth,WesternRedearSunfish,Whitebass,WhiteCrappie,WhitePerch,WhiteSucker,YellowBass,YellowBullhead,YellowPerch
162F,0.05642563,0,0,0.00802139,0.024064171,0,0,0,0,0.002673797,0,0,0,0,0,0,0,0,0,0,0,0,0,0,0,0,0,0,0.002673797,0,0.016042781,0,0,0,0,0,0,0,0,0,0.010695187,0,0.122994652,0,0,0,0,0,0,0,0,0.002673797,0,0,0,0,0.06684492,0.406417112,0,0,0,0.002673797,0,0,0,0,0,0,0,0.010695187,0.002673797,0,0.002673797,0,0,0.184491979,0,0,0,0.032085561,0,0,0,0,0,0.00802139,0,0,0.093582888
498F,0.141020811,0.055335968,0,0.023715415,0.003952569,0,0,0,0,0.027667984,0,0.007905138,0,0,0,0,0,0,0,0,0,0,0,0,0,0,0,0,0.015810277,0,0.158102767,0,0,0,0.003952569,0,0,0,0,0,0,0,0.177865613,0,0,0,0,0,0,0,0,0.003952569,0,0,0,0,0.083003953,0.146245059,0,0,0,0,0.007905138,0,0,0,0,0,0,0,0,0.221343874,0,0,0,0,0,0,0,0,0,0,0,0,0,0,0,0,0.063241107
546F,0.081684535,0.019101124,0,0.004494382,0.005617978,0,0,0,0,0.002247191,0.043820225,0,0,0,0,0.001123596,0,0,0,0,0,0,0,0.003370787,0,0,0,0.001123596,0,0,0.003370787,0,0,0,0,0,0,0,0,0,0.003370787,0,0,0,0,0,0,0,0,0,0,0,0.039325843,0,0,0,0.024719101,0,0,0,0,0,0,0,0,0,0.002247191,0,0,0.096629213,0.041573034,0.614606742,0,0,0,0,0,0,0,0,0,0,0,0,0,0.013483146,0,0.002247191,0.07752809
568F,0.221949298,0,0,0.106640405,0.015475521,0,0,0,0.000562746,0,0.001969612,0,0,0,0,0,0,0,0,0,0,0,0,0,0.748452448,0.000281373,0,0,0,0,0,0,0,0,0,0,0.003376477,0,0,0,0.066966798,0,0,0,0,0,0,0,0,0,0,0,0,0,0,0,0,0.000281373,0,0,0,0,0,0,0,0,0,0,0,0,0,0.055993247,0,0,0,0,0,0,0,0,0,0,0,0,0,0,0,0,0
588F,0.139174131,0,0,0.00124792,0.001663894,0,0,0,0.00124792,0.000415973,0.456738769,0,0.000415973,0.000415973,0,0,0,0,0.000415973,0,0,0,0,0,0,0,0,0,0,0,0,0,0,0,0,0,0,0,0,0,0.00124792,0,0,0,0,0,0,0,0.004159734,0,0,0,0,0,0,0,0.004991681,0,0,0,0,0,0.000831947,0.46547421,0,0,0,0,0,0.020798669,0.012479201,0,0,0,0,0,0,0,0,0,0,0,0,0,0,0.027454243,0,0,0
608F,0.06500391,0,0,0,0,0,0,0,0,0,0,0,0,0,0,0,0,0,0,0,0,0,0,0.336065574,0,0,0,0.016393443,0.016393443,0,0,0,0,0,0,0,0,0,0,0,0.016393443,0.008196721,0.024590164,0,0,0.008196721,0,0,0,0,0,0,0,0,0,0,0.024590164,0,0,0,0,0,0,0.06557377,0,0,0,0,0,0.016393443,0,0.032786885,0,0,0,0,0,0,0,0,0,0,0,0,0,0.43442623,0,0,0
609F,0.110836937,0,0,0,0,0,0,0,0,0,0,0,0,0,0,0,0,0,0,0,0,0,0,0,0,0,0,0.043478261,0,0,0,0,0,0,0,0,0,0,0,0,0,0,0,0,0.043478261,0.108695652,0,0.434782609,0,0,0,0,0,0,0,0,0.065217391,0,0,0,0,0,0,0.043478261,0,0,0,0,0,0,0,0,0,0,0,0,0,0,0.02173913,0,0,0,0,0,0,0.239130435,0,0,0
613F,0.103624339,0,0,0.00178731,0,0,0,0,0.09562109,0,0.043789097,0.000893655,0,0.004468275,0,0,0,0,0.00178731,0,0,0,0,0.046470063,0,0,0,0.000893655,0,0,0.000893655,0.000893655,0.000893655,0,0,0,0,0,0,0,0.00893655,0,0,0,0,0.000893655,0,0,0.037533512,0,0,0,0,0,0,0,0.152815013,0.000893655,0,0,0,0,0,0,0,0,0,0,0,0.344950849,0,0.006255585,0,0,0,0,0,0,0,0,0.000893655,0,0,0,0,0.243967828,0,0,0.004468275
632F,0.209520678,0,0,0,0.085365854,0,0,0,0.048780488,0.012195122,0.024390244,0,0,0,0,0,0,0,0,0,0,0,0,0.024390244,0,0,0,0,0,0,0,0,0,0,0,0,0,0.073170732,0,0,0.085365854,0,0.195121951,0,0,0,0,0,0,0,0,0,0,0,0,0,0.341463415,0.085365854,0,0,0,0,0,0,0,0,0,0,0,0,0,0.024390244,0,0,0,0,0,0,0,0,0,0,0,0,0,0,0,0,0
644F,0.066073584,0,0,0,0.031976744,0,0,0,0.002906977,0,0.174418605,0,0,0,0,0,0,0,0,0,0,0,0,0,0,0,0,0.002906977,0,0,0,0,0,0,0,0,0,0.011627907,0,0,0.00872093,0,0,0,0,0.005813953,0,0,0,0,0,0,0,0,0,0,0.229651163,0,0,0,0,0,0,0.24127907,0,0,0,0,0,0.191860465,0,0.011627907,0,0,0,0,0,0,0,0,0,0,0,0,0,0.087209302,0,0,0
719F,0.109535936,0,0,0.002097064,0.003894548,0,0,0,0,0,0,0.050029958,0,0,0,0,0,0,0,0,0,0,0,0.023966447,0.009586579,0,0.002097064,0.005392451,0,0,0,0,0,0,0,0,0,0,0,0,0,0,0,0,0,0,0,0,0,0,0,0,0,0,0,0,0.536249251,0,0,0,0,0,0,0,0,0,0,0,0,0.016177352,0,0.011384062,0,0,0,0,0,0,0,0,0,0,0,0,0,0.302875974,0,0,0.036249251
828F,0.04934628,0,0,0,0.379120879,0,0.036630037,0,0,0,0.256410256,0,0,0,0,0,0,0,0,0,0,0,0,0,0,0,0,0.001831502,0,0,0,0,0,0,0,0.003663004,0,0,0,0,0.009157509,0,0,0,0,0,0,0,0,0,0,0,0,0.003663004,0,0,0.201465201,0.005494505,0,0,0,0,0,0,0,0,0,0,0,0.043956044,0,0.003663004,0,0,0,0,0,0,0,0.001831502,0,0,0,0,0,0.012820513,0,0,0.04029304
845F,0.068949174,0,0,0,0,0,0,0,0,0,0.016393443,0,0.016393443,0,0,0,0.06557377,0,0.016393443,0,0,0,0,0,0,0,0,0.016393443,0,0,0,0,0,0,0,0,0,0,0,0,0,0,0,0,0,0.032786885,0,0.081967213,0,0,0,0,0,0,0,0,0,0,0,0,0,0,0,0,0,0,0,0,0,0,0,0,0,0,0,0,0,0,0.016393443,0,0,0,0,0,0,0.704918033,0,0,0.032786885
945F,0.082221399,0,0,0,0.185410334,0,0.003039514,0,0.027355623,0.003039514,0,0,0,0,0,0,0,0,0,0,0,0,0,0,0,0,0,0,0,0,0,0,0,0,0,0.003039514,0,0,0,0,0,0,0,0,0,0,0,0,0,0,0,0,0,0.006079027,0,0,0.130699088,0.054711246,0,0,0,0,0,0,0,0,0,0,0,0.003039514,0,0,0,0,0,0,0,0,0,0,0.082066869,0,0,0,0,0.003039514,0,0,0.498480243
951F,0.061767895,0,0,0,0.06122449,0,0,0,0.375,0.005102041,0,0,0,0.005102041,0,0,0,0,0.015306122,0,0,0,0,0.007653061,0.045918367,0,0,0,0,0,0,0,0,0,0,0,0,0,0,0,0.010204082,0,0,0.007653061,0,0,0,0,0,0,0,0,0,0.00255102,0,0,0.132653061,0.091836735,0,0,0,0,0,0,0,0,0,0,0,0.073979592,0,0,0,0,0,0,0,0,0,0,0,0,0,0,0,0.091836735,0,0,0.073979592
970F,0.106613265,0,0,0,0.875438596,0,0.010526316,0,0.003508772,0,0,0,0,0,0,0,0,0,0,0,0,0,0,0,0,0,0,0,0,0,0,0,0,0,0,0,0,0,0,0,0,0,0,0,0,0,0,0,0,0,0,0,0,0.005263158,0,0,0.014035088,0.033333333,0,0,0,0,0,0,0,0,0,0,0,0.003508772,0,0,0,0,0,0,0,0,0,0,0,0,0,0,0,0,0,0,0.054385965
973F,0.088907733,0,0,0,0.004177109,0,0.000835422,0,0.015037594,0,0,0,0,0.000835422,0,0,0,0,0,0,0,0,0,0,0.002506266,0,0,0.000835422,0,0,0,0,0,0,0,0,0,0,0,0,0.010025063,0,0,0,0,0.000835422,0,0,0,0,0,0,0,0,0,0,0.043441938,0.000835422,0,0,0,0,0,0,0,0,0,0,0,0,0,0.003341688,0,0,0,0,0,0.076858814,0,0,0,0,0,0,0,0.838763576,0,0,0.001670844
1033F,0.065500935,0,0,0,0.141560799,0.029038113,0,0,0,0.001814882,0,0,0,0,0,0,0,0,0,0,0,0,0,0,0,0,0,0,0,0.001814882,0,0,0,0,0,0,0,0,0,0,0,0,0.036297641,0,0,0,0,0,0,0,0,0,0,0.003629764,0,0,0.001814882,0.762250454,0,0,0,0,0,0,0,0,0,0,0,0,0,0,0,0,0,0,0,0,0,0,0,0,0,0,0,0.001814882,0,0,0.019963702
1034F,0.066003406,0,0,0,0.123028391,0,0,0.006309148,0,0,0.028391167,0,0,0,0,0,0,0,0,0,0,0,0,0,0,0,0,0,0,0.006309148,0,0,0,0,0,0,0,0,0,0,0,0,0,0,0,0,0,0,0,0,0,0,0,0,0,0,0.410094637,0.205047319,0,0,0,0,0,0,0,0,0,0,0,0.056782334,0,0,0,0,0,0,0,0,0,0.003154574,0,0,0,0,0,0.003154574,0,0.009463722,0.148264984
1035F,0.065528703,0,0,0,0.114503817,0,0,0,0,0,0,0,0,0,0,0,0,0,0,0,0,0,0,0,0,0,0,0,0,0.015267176,0,0,0,0,0,0,0,0,0,0,0,0,0,0,0,0,0,0,0,0,0,0,0,0.007633588,0,0,0.244274809,0.267175573,0,0,0,0,0,0,0,0,0,0,0,0.122137405,0,0,0,0,0,0,0,0,0,0.015267176,0,0,0,0,0,0,0,0.091603053,0.122137405
1039F,0.094529109,0,0,0,0,0.009615385,0,0,0.182692308,0.043269231,0,0,0,0.038461538,0,0,0,0,0,0,0,0,0,0,0,0,0,0,0,0,0.009615385,0,0,0,0,0,0,0,0,0,0.019230769,0,0,0,0,0,0,0,0,0,0,0,0,0,0,0,0.048076923,0.576923077,0,0,0,0,0,0,0,0,0,0,0,0,0,0,0,0,0,0,0,0.004807692,0,0,0,0,0,0,0,0,0,0,0.067307692
1068F,0.095145905,0,0,0,0.977077364,0,0,0,0,0.00286533,0,0,0,0,0,0,0,0,0,0,0,0,0,0,0,0,0,0,0,0,0,0,0,0,0,0,0,0,0,0,0,0,0,0,0,0,0,0,0,0,0,0,0,0,0,0,0.001432665,0.010028653,0,0,0,0,0,0,0,0,0,0,0,0,0,0,0,0,0,0,0,0,0,0,0,0,0,0,0,0,0,0,0.008595989
1075F,0.081384434,0,0,0,0.084337349,0,0,0,0.172690763,0.004016064,0,0,0,0,0,0,0,0,0.002008032,0,0,0,0,0.004016064,0.004016064,0.002008032,0,0,0.03815261,0.026104418,0,0.010040161,0,0,0,0.008032129,0,0,0,0.014056225,0.018072289,0,0,0,0,0,0.010040161,0,0,0,0,0,0.409638554,0.008032129,0,0.002008032,0.014056225,0.002008032,0,0,0,0,0,0.002008032,0,0,0,0,0,0,0,0.024096386,0,0,0,0,0.082329317,0,0.024096386,0.004016064,0,0,0,0,0,0.02811245,0,0,0.002008032
1096F,0.166660547,0,0,0,0.075688073,0.660550459,0,0,0,0.05733945,0,0,0,0,0,0,0,0,0,0,0,0,0,0,0,0,0,0,0,0.025229358,0.018348624,0,0,0.004587156,0,0.013761468,0,0,0,0,0,0,0.004587156,0,0,0,0,0,0,0,0,0,0,0.002293578,0,0,0.002293578,0.073394495,0,0,0,0,0,0,0,0,0,0,0.006880734,0.002293578,0,0,0,0,0.006880734,0,0,0,0,0,0,0,0,0,0.002293578,0.006880734,0,0,0.036697248
1276F,0.105339937,0,0,0,0.265306122,0,0,0,0,0,0,0.020408163,0,0,0,0,0,0,0,0,0,0,0,0,0,0,0,0,0,0,0.551020408,0,0,0,0,0,0,0,0,0,0,0,0,0,0,0,0,0,0,0,0,0,0,0,0,0,0.102040816,0.06122449,0,0,0,0,0,0,0,0,0,0,0,0,0,0,0,0,0,0,0,0,0,0,0,0,0,0,0,0,0,0,0
1289F,0.110737805,0,0,0,0.306122449,0,0,0,0,0.387755102,0,0.020408163,0,0,0,0,0,0,0,0,0,0,0,0,0,0,0,0,0,0,0,0,0,0,0,0.010204082,0,0,0,0,0,0,0.030612245,0,0,0,0,0,0,0,0,0.010204082,0,0.010204082,0,0,0.030612245,0.153061224,0,0,0,0,0,0,0,0,0,0,0,0,0,0,0,0,0,0,0,0,0,0,0,0,0,0,0,0,0,0.010204082,0.030612245
1379F,0.096965721,0.174887892,0,0,0.095665172,0,0,0,0,0.00896861,0.31838565,0,0,0,0,0,0,0,0,0,0,0,0,0.001494768,0,0,0,0,0,0,0.053811659,0.02690583,0,0,0,0.001494768,0,0,0,0,0.004484305,0,0,0,0,0,0,0,0,0,0,0,0.013452915,0,0,0.001494768,0.001494768,0.153961136,0,0,0,0,0,0,0,0,0,0,0,0.013452915,0.031390135,0.020926756,0,0,0,0.032884903,0.007473842,0,0,0,0,0.014947683,0,0,0.004484305,0.01793722,0,0,0
1458F,0.250167538,0.075388027,0,0,0.022172949,0,0,0,0,0.031042129,0.00443459,0,0,0,0,0,0,0,0,0.006651885,0,0,0,0,0,0,0,0,0,0,0.013303769,0.33037694,0,0.002217295,0.002217295,0,0,0,0.035476718,0,0,0,0,0,0,0,0,0,0,0,0,0.002217295,0,0,0,0,0,0,0,0,0,0,0,0,0,0,0,0.026607539,0,0,0.00443459,0,0,0,0,0,0,0,0,0,0,0,0.011086475,0,0.305986696,0,0.002217295,0,0.124168514
1459F,0.184589597,0,0,0.188191882,0.004920049,0,0,0,0,0.068880689,0.033210332,0.002460025,0,0,0,0,0,0,0,0,0,0,0,0.002460025,0,0,0,0,0.003690037,0,0.017220172,0.014760148,0,0.001230012,0,0,0,0,0.386223862,0,0,0,0,0,0,0,0,0,0,0,0,0,0,0,0,0,0,0,0.001230012,0,0,0,0,0,0,0,0,0.018450185,0,0,0.111931119,0.062730627,0,0,0,0,0,0,0,0,0,0,0,0.022140221,0.012300123,0,0,0,0.04797048
1468F,0.085312259,0,0,5.62E-05,0,0,0,0,0.000112404,0,5.62E-05,0,0,0,0,0,0,0,0,0,0,0,0,0.000112404,0,0,0,0,0,0,0.002360479,0,0,0,0,0,0,0,0,0,0.000112404,0,0.000112404,0,0,0,0,0,0,0,0,0,0,0,0,0,0.000112404,0.000112404,0,0,0,0,0,0,0,0,0,0,0,0.000168606,0,0.000562019,0,0,0,0,0,0,0,0.000112404,0,0,0,0,0,0.034283145,0,0,0.961726522
1484F,0.192840313,0,0,0,0.002849003,0,0,0,0,0.031339031,0,0,0,0,0,0,0,0,0,0,0,0,0,0,0,0,0,0,0,0,0.002849003,0,0,0,0,0,0,0,0,0,0.002849003,0,0,0,0,0,0,0,0,0,0,0,0,0.008547009,0.002849003,0,0.299145299,0.045584046,0,0,0,0,0,0,0,0,0,0,0,0.361823362,0,0.227920228,0,0,0,0,0,0,0,0,0,0,0,0,0,0.014245014,0,0,0
1497F,0.062082155,0,0,0,0.021352313,0,0,0,0,0,0,0.042704626,0,0,0,0,0,0,0,0,0,0,0,0.007117438,0,0,0,0,0,0,0,0,0,0,0,0,0,0,0,0,0.035587189,0,0.003558719,0,0,0,0,0,0,0,0,0,0,0.014234875,0,0,0.117437722,0.007117438,0,0,0,0,0,0,0,0,0,0,0,0.096085409,0,0.615658363,0,0,0,0,0,0,0,0.010676157,0,0,0,0,0,0.028469751,0,0,0
1514F,0.074881892,0.014028935,0,0.004603244,0.270276195,0,0,0,0,0,0.007672074,0.02498904,0,0,0,0,0.001753617,0,0,0,0,0,0,0.004822446,0,0,0,0,0,0,0.15519509,0,0,0,0,0,0,0,0.033757124,0,0.009644893,0,0,0,0,0,0,0,0,0,0,0.012713722,0,0.003288032,0,0,0.032003507,0.027619465,0,0,0,0,0,0.001534415,0,0,0,0.001753617,0,0.117492328,0,0.195089873,0,0,0,0,0,0,0,0.005260851,0,0,0,0,0,0.02915388,0,0,0.047347655
1601F,0.1112,0,0,0,0,0,0,0,0,0,0.043478261,0,0,0.010869565,0,0,0,0,0,0,0,0.010869565,0,0,0,0,0,0,0,0,0,0,0,0,0,0,0,0,0,0,0,0,0,0,0,0,0,0,0,0,0,0,0,0,0,0,0.5,0,0,0,0,0,0,0.25,0,0,0,0,0,0.130434783,0,0.054347826,0,0,0,0,0,0,0,0,0,0,0,0,0,0,0,0,0
1698F,0.117378136,0,0,0.002166554,0.023290454,0,0,0,0,0.146513202,0.006499661,0.000947867,0,0.07366283,0,0,0,0,0.002166554,0,0,0,0,0.016384563,0,0,0,0,0.002166554,0,0.0140826,0.001083277,0,0,0,0.000947867,0,0,0.511442112,0,0,0,0,0,0,0,0,0,0,0,0,0,0,0.001895735,0,0,0.045226811,0.008530806,0,0,0,0,0,0,0,0,0,0.002843602,0,0.000947867,0,0.004333108,0,0,0,0,0.012863913,0,0,0,0,0,0,0,0.000947867,0.010020311,0,0,0.111035884
1703F,0.3871,0.001403312,0,0.000841987,0.002245299,0,0,0,0.001122649,0.014875105,0.000280662,0.000280662,0,0,0,0,0,0.008981196,0,0.000280662,0,0,0,0.001122649,0,0,0,0,0,0,0.06174572,0.005332585,0,0,0,0,0,0,0.003087286,0,0.000561325,0,0,0,0.001403312,0,0,0,0,0,0,0,0,0,0,0,0.001122649,0.001964637,0,0,0,0,0,0,0,0,0,0,0,0.003929273,0,0.002245299,0,0,0,0,0,0,0,0.003929273,0,0,0,0,0.001403312,0.407241089,0,0,0.474600056
7057F,0.07561088,0,0,0,0.028985507,0,0,0,0.086956522,0,0.043478261,0,0,0,0,0,0,0,0,0,0,0,0,0.014492754,0,0,0,0,0,0,0,0,0,0,0,0.028985507,0,0,0,0,0,0,0,0,0,0,0,0,0,0,0,0,0,0,0,0,0.463768116,0.014492754,0,0,0,0,0,0.028985507,0,0,0,0,0,0.028985507,0,0.188405797,0,0,0,0,0.014492754,0,0,0,0,0,0,0,0,0.014492754,0,0,0.043478261
11003F,0.294304103,0,0,0,0.058288847,0.009089597,0,0,0,0.141826576,0,0,0,0,0,0,0,0,0,0,0,0,0,0,0,0,0,0,0.017313519,0.001009955,0,0.003462704,0,0,0,0.014572212,0,0,0,0,0.003318424,0,0,0,0,0,0,0,0,0,0,0,0,0.00432838,0,0.001009955,0.012696581,0.209782138,0,0,0,0.001009955,0,0,0,0,0,0,0,0,0,0.034482759,0,0,0,0,0.073726735,0,0.001009955,0,0,0,0,0,0,0.00216419,0,0,0.410907517
11158F,0.472315487,0,0,0,0,0,0,0,0,0.564189189,0,0,0,0,0,0,0,0,0,0,0,0,0,0,0,0,0,0,0,0,0,0,0,0,0,0,0,0,0,0,0,0,0.013513514,0,0,0,0,0,0,0,0,0,0,0,0,0,0.108108108,0.067567568,0,0,0,0,0,0.158783784,0,0,0,0,0,0.064189189,0,0,0,0,0,0,0,0,0,0,0,0,0,0,0,0,0,0,0.023648649
11170F,0.102214536,0,0,0,0.002980626,0,0,0,0,0.421758569,0,0.007451565,0,0,0,0,0,0,0,0,0,0,0,0,0,0,0,0,0,0,0.001490313,0,0,0,0,0,0,0,0,0,0,0,0,0,0,0,0,0,0,0,0,0,0,0,0,0,0.02533532,0.062593145,0,0,0,0,0,0,0,0,0,0,0,0.001490313,0,0,0,0,0,0,0,0,0,0,0.470938897,0,0,0,0,0,0,0.002980626,0.002980626
11362F,0.033237151,0,0,0,0,0,0,0,0,0,0,0,0,0,0,0,0.063492063,0,0,0,0,0,0,0,0,0,0.76984127,0.047619048,0,0,0,0,0,0,0,0,0,0,0,0,0,0,0,0,0,0,0,0,0.023809524,0,0,0,0,0,0,0,0,0,0,0,0.095238095,0,0,0,0,0,0,0,0,0,0,0,0,0,0,0,0,0,0,0,0,0,0,0,0,0,0,0,0
11363F,0.031534121,0,0,0,0,0,0,0,0,0,0,0,0,0,0,0,1,0,0,0,0,0,0,0,0,0,0,0,0,0,0,0,0,0,0,0,0,0,0,0,0,0,0,0,0,0,0,0,0,0,0,0,0,0,0,0,0,0,0,0,0,0,0,0,0,0,0,0,0,0,0,0,0,0,0,0,0,0,0,0,0,0,0,0,0,0,0,0,0
11364F,0.092450087,0,0,0,0,0,0,0,0,0,0,0,0,0,0,0,0.111111111,0,0,0,0,0.444444444,0,0,0,0,0,0.222222222,0,0,0,0,0,0,0,0,0,0,0,0,0,0,0,0,0,0,0,0,0,0.111111111,0,0,0,0,0,0,0,0,0,0.111111111,0,0,0,0,0,0,0,0,0,0,0,0,0,0,0,0,0,0,0,0,0,0,0,0,0,0,0,0,0
11366F,0.070215884,0,0,0,0,0,0.62962963,0,0,0,0,0,0,0,0,0,0.061728395,0,0,0,0,0,0,0,0,0,0.197530864,0.037037037,0,0,0,0,0,0,0,0,0,0,0,0,0,0.049382716,0,0,0,0,0,0,0,0,0,0,0,0,0,0,0,0.012345679,0,0,0.012345679,0,0,0,0,0,0,0,0,0,0,0,0,0,0,0,0,0,0,0,0,0,0,0,0,0,0,0,0
11367F,0.22985989,0,0,0,0,0,0,0,0,0,0,0,0,0,0,0,0.07079646,0,0,0,0,0,0.008849558,0,0,0,0,0,0,0.017699115,0,0,0,0,0,0,0,0,0,0,0,0.681415929,0,0,0,0.044247788,0,0,0,0,0.017699115,0,0,0,0,0,0.008849558,0,0,0.008849558,0.017699115,0,0,0,0.07079646,0,0,0,0,0,0,0,0,0,0,0,0,0,0.044247788,0,0,0,0,0,0,0.008849558,0,0,0
11368F,0.607334432,0,0,0,0,0,0,0,0,0.068627451,0,0,0,0,0,0,0,0,0,0,0,0,0,0,0,0,0.071078431,0.039215686,0.017156863,0.262254902,0,0,0,0,0,0,0,0,0.017156863,0,0,0,0,0,0.019607843,0,0,0,0,0,0,0,0,0,0,0,0.379901961,0.036764706,0,0,0,0,0,0,0,0,0,0,0,0.017156863,0,0.017156863,0,0,0,0,0,0,0,0,0,0,0,0,0,0.053921569,0,0,0
11370F,0.099300987,0,0,0,0.010869565,0,0,0,0,0.005434783,0,0,0,0.005434783,0,0,0,0,0,0,0,0,0,0,0,0,0,0,0.429347826,0.081521739,0,0,0,0,0,0,0,0,0,0,0.059782609,0,0,0,0,0,0,0,0,0,0,0,0,0,0,0.048913043,0.016304348,0.005434783,0,0,0,0,0,0,0,0,0,0,0,0,0,0.086956522,0,0,0,0,0.02173913,0,0.119565217,0,0,0,0,0,0.005434783,0,0,0,0.10326087
11371F,0.047847747,0,0,0,0,0,0,0,0,0,0,0,0,0,0,0,0.004481434,0,0,0,0,0,0,0.010243278,0,0,0,0.004481434,0.702304738,0.004481434,0,0,0,0,0,0,0,0,0,0,0,0.013444302,0,0,0,0.004481434,0,0,0,0,0,0,0.008962868,0,0,0.04609475,0,0,0,0,0,0,0,0.004481434,0,0,0,0,0,0,0,0.018565941,0,0,0,0,0,0,0.042253521,0,0,0,0,0,0.009603073,0.126120359,0,0,0
11374F,0.095145905,0,0,0,0.081632653,0,0,0,0,0,0,0,0,0,0,0,0.571428571,0,0,0,0,0,0,0,0,0,0,0.06122449,0,0,0,0,0,0,0,0,0,0,0,0,0,0,0,0,0,0.12244898,0,0,0,0,0,0,0,0,0,0,0,0,0,0,0,0,0,0,0,0,0,0,0,0,0,0.081632653,0,0,0,0,0,0,0,0,0,0,0,0,0,0.081632653,0,0,0
11376F,0.0613642,0,0,0,0.010291595,0,0,0,0.008576329,0,0,0,0,0,0,0,0,0,0,0,0,0,0,0,0,0,0.04974271,0.001715266,0.001715266,0,0,0,0,0,0,0,0,0,0,0.001715266,0,0.516295026,0,0,0,0.205831904,0,0,0,0,0,0,0.001715266,0,0.001715266,0,0,0,0,0,0.008576329,0,0,0,0,0,0,0,0,0,0,0.180102916,0,0,0,0,0,0,0,0,0,0,0,0,0,0.012006861,0,0,0
11378F,0.070271631,0.006791171,0,0,0,0,0,0,0,0,0,0,0,0,0,0,0.009762309,0,0,0,0,0,0,0,0,0,0.002971138,0.054329372,0,0,0,0,0,0,0,0,0,0,0,0,0,0.028438031,0,0,0.006791171,0.0475382,0,0.003395586,0.006791171,0,0.006366723,0,0,0,0,0,0.017826825,0,0,0,0,0,0,0,0,0,0,0,0,0,0,0.725806452,0,0,0,0,0,0,0,0,0,0,0.003395586,0,0,0.076400679,0,0,0.003395586
11379F,0.063032063,0,0,0,0,0,0,0,0,0,0,0,0,0,0,0,0,0,0,0,0,0,0,0,0,0,0.010291595,0.010291595,0,0,0,0,0,0,0,0,0,0,0,0,0,0.317324185,0,0,0,0.087478559,0,0,0,0,0,0,0,0,0,0,0.101200686,0,0,0,0.008576329,0,0,0,0,0.010291595,0,0,0,0.394511149,0,0,0,0,0,0,0,0,0,0,0,0,0,0,0,0.051457976,0,0,0.008576329
11380F,0.117150494,0,0,0,0,0,0,0,0,0,0,0,0,0.009478673,0,0,0,0,0,0,0.004739336,0,0,0.004739336,0,0,0,0.037914692,0,0,0.033175355,0,0,0,0,0,0,0,0,0,0.071090047,0,0,0,0,0.009478673,0,0,0.218009479,0,0,0,0,0,0,0,0.08056872,0,0,0.009478673,0,0,0,0,0,0.004739336,0,0,0,0,0,0.203791469,0,0,0,0,0,0.009478673,0.028436019,0,0,0,0,0,0,0.27014218,0,0,0.004739336
11381F,0.091816381,0,0,0,0,0,0,0.056074766,0,0,0,0,0,0,0,0,0.093457944,0,0,0,0,0,0,0,0,0,0,0.009345794,0,0,0,0,0,0,0,0,0,0,0,0,0,0.018691589,0,0,0,0.542056075,0,0,0,0,0,0,0,0,0,0,0,0,0,0,0.009345794,0,0,0,0,0,0,0,0,0,0,0,0,0,0,0,0,0,0.046728972,0,0,0,0,0,0,0.130841121,0,0,0.093457944
11382F,0.09770843,0,0,0,0,0,0,0,0,0,0,0,0,0,0,0,0.022222222,0,0,0,0,0,0,0,0,0,0.013333333,0.022222222,0,0,0,0,0,0,0,0,0,0,0,0,0,0.186666667,0,0,0.004444444,0.391111111,0,0,0,0,0,0,0,0,0,0,0,0,0,0,0.004444444,0,0,0,0,0,0,0,0,0,0,0,0,0,0,0,0,0,0.324444444,0,0,0,0,0,0,0.031111111,0,0,0
11383F,0.118296335,0,0,0,0,0,0,0,0,0,0,0,0,0,0,0,0.001345895,0,0,0,0,0,0.001345895,0,0,0,0,0.048183042,0,0,0,0,0,0,0,0,0,0,0,0,0.020188425,0.049259758,0,0,0.006729475,0.072139973,0,0,0.041722746,0,0,0,0,0,0,0,0,0,0,0,0,0,0,0,0,0.001345895,0,0,0,0,0,0.627187079,0,0,0,0,0,0,0.053028264,0,0,0,0,0,0,0.006191117,0,0,0.071332436
11384F,0.155239367,0,0,0,0,0,0,0,0,0,0,0,0,0,0.02189781,0,0,0,0,0,0,0,0,0,0,0,0.058394161,0,0,0,0,0,0,0,0,0,0,0,0,0,0,0,0,0,0.02189781,0.678832117,0,0,0,0,0,0,0,0,0,0,0,0,0,0,0,0,0,0,0,0,0,0,0,0,0,0,0,0,0,0,0,0,0.065693431,0,0,0,0,0,0,0.153284672,0,0,0
11385F,0.232615761,0,0,0,0.195121951,0,0.004878049,0,0.082926829,0,0.019512195,0,0,0,0,0,0,0,0,0,0,0,0,0,0,0,0,0,0.034146341,0,0,0,0,0,0,0,0,0,0,0,0,0,0,0,0,0,0,0,0,0,0,0,0.03902439,0,0,0,0.185365854,0.043902439,0,0,0,0,0,0,0,0,0,0,0,0.385365854,0,0,0,0,0,0,0,0,0,0,0,0,0,0,0,0,0,0,0.009756098
11387F,0.082100406,0.034482759,0,0,0,0,0,0,0,0,0,0,0,0.00862069,0,0,0,0,0,0,0,0,0,0,0,0,0,0,0,0,0,0.00862069,0,0,0,0,0,0,0,0,0,0,0,0,0,0.551724138,0,0.060344828,0.012931034,0,0,0,0,0,0,0,0.012931034,0,0,0,0,0,0,0,0,0,0,0,0,0.00862069,0,0.051724138,0,0,0,0,0,0,0.228448276,0,0,0,0,0,0,0.021551724,0,0,0
11388F,0.089030279,0,0,0.030117754,0.002377717,0,0,0,0.290874094,0,0.007925725,0.000792572,0,0.00634058,0,0,0,0,0,0,0,0,0,0.004755435,0,0,0,0,0,0,0,0,0,0,0,0,0,0,0,0.000792572,0.000792572,0,0,0,0,0,0,0,0,0,0,0,0,0,0,0,0.44678442,0.127151268,0,0,0,0,0,0.008718297,0,0,0,0,0,0.000905797,0,0.026154891,0,0,0,0,0,0,0,0,0,0,0,0,0,0,0,0,0.045516304
11389F,0.067599692,0,0,0,0,0,0,0,0,0,0,0,0,0,0,0,0,0,0,0,0,0,0,0.119547658,0,0,0,0.006462036,0,0,0,0,0,0,0,0,0,0,0,0,0,0,0,0,0,0,0,0,0.003231018,0,0,0,0,0,0,0,0.001615509,0,0,0,0,0,0,0,0,0,0,0,0,0,0,0.835218094,0,0,0,0,0,0,0.012924071,0,0,0,0,0,0,0.016155089,0,0,0.004846527
11390F,0.074530588,0.000713267,0,0,0.000713267,0,0,0,0,0.002853067,0,0,0,0.000713267,0,0,0.000713267,0,0,0,0,0,0,0,0,0,0,0.006419401,0,0,0,0.012125535,0,0,0,0,0,0,0.000713267,0,0,0.000713267,0,0,0,0.001426534,0,0,0,0,0,0,0,0.000713267,0,0,0.004279601,0,0,0,0,0,0,0,0,0,0,0,0,0,0,0.869472183,0,0,0,0,0,0,0.088445078,0,0,0,0,0,0,0.009985735,0,0,0
11392F,0.123838661,0,0,0,0.006734007,0,0,0,0,0,0.006734007,0,0,0,0,0,0,0,0,0,0,0,0,0,0,0,0,0,0,0,0.003367003,0,0,0,0,0,0,0,0,0,0,0,0,0,0,0,0,0,0.006734007,0,0,0,0,0,0,0,0.006734007,0.003367003,0,0,0,0,0,0.003367003,0,0,0,0.006734007,0,0,0,0.595959596,0,0,0,0,0,0,0,0,0,0,0,0,0,0,0,0,0.36026936
11393F,0.136063237,0.058823529,0,0.00678733,0.099547511,0.009049774,0,0,0,0.018099548,0,0,0,0,0,0,0,0,0,0,0,0,0,0,0,0.013574661,0,0.00678733,0,0,0,0,0,0,0,0,0,0,0,0,0,0,0,0,0,0,0,0.009049774,0,0,0,0,0,0,0,0,0.033936652,0,0,0.00678733,0,0,0,0,0,0,0,0,0,0,0,0.400452489,0,0,0,0,0,0,0.036199095,0,0,0,0,0,0.033936652,0.033936652,0,0,0.233031674
11394F,0.236881126,0.002460025,0,0,0,0,0,0,0,0,0,0,0,0,0,0,0,0,0,0,0,0,0,0,0,0,0,0,0,0,0,0,0,0,0,0.002460025,0,0,0,0,0,0,0,0,0,0,0,0,0,0,0,0,0,0,0,0,0.051660517,0,0,0,0.001230012,0,0.017220172,0,0,0,0,0,0,0.028290283,0,0.041820418,0,0,0,0,0,0,0,0,0,0,0,0,0.002460025,0.436654367,0,0,0.415744157
11395F,0.089245458,0,0,0,0,0,0,0,0.005584859,0,0,0,0,0,0,0,0,0,0,0,0,0,0,0,0,0,0,0.002016755,0,0,0,0.00093081,0,0,0,0,0,0,0,0,0.008532423,0,0,0,0,0,0,0,0.006515669,0,0,0,0,0,0,0,0.052590754,0,0,0,0,0,0,0,0,0,0,0,0,0.005895129,0,0.914986038,0,0,0,0,0,0.00093081,0,0,0,0,0,0,0,0.002016755,0,0,0
11396F,0.109483258,0.127703985,0,0,0,0,0,0,0,0,0,0,0,0,0,0,0,0,0,0,0,0,0,0,0,0,0,0,0,0,0,0.006641366,0,0,0,0,0,0,0,0,0,0,0,0,0,0.00227704,0,0,0.001897533,0,0,0,0,0,0,0,0,0,0,0,0,0,0,0,0,0,0,0,0,0,0,0.859392789,0,0,0,0,0,0,0,0,0,0,0,0,0,0.002087287,0,0,0
11405F,0.125808745,0.12,0,0,0,0,0,0,0,0,0,0,0,0,0,0,0.008,0,0,0,0,0,0,0,0,0,0,0,0,0,0,0,0,0,0,0,0,0,0,0,0,0,0,0,0,0,0,0,0,0,0,0,0,0,0,0,0.008,0,0,0,0,0,0.064,0,0,0,0,0,0,0.032,0,0.744,0,0,0,0,0,0,0,0,0,0,0,0,0,0,0,0,0.024
11406F,0.115661321,0.05721393,0,0,0.007462687,0,0,0,0,0,0,0.007462687,0,0,0,0,0,0,0,0,0,0,0,0,0,0,0,0,0,0,0,0,0,0,0,0,0,0,0,0,0,0,0,0,0,0.009950249,0,0,0,0,0,0,0,0,0,0,0.007462687,0,0,0,0,0,0,0,0,0,0,0,0,0,0,0.875621891,0,0,0,0.019900498,0,0,0.014925373,0,0,0,0,0,0,0,0,0,0
11407F,0.113707161,0,0,0,0,0,0,0,0,0,0,0,0,0,0,0,0,0,0,0,0,0,0,0,0,0,0,0,0,0,0,0,0,0,0,0,0,0,0,0,0,0,0.083333333,0,0,0.020833333,0,0.020833333,0,0,0,0,0.854166667,0,0,0,0.020833333,0,0,0,0,0,0,0,0,0,0,0,0,0,0,0,0,0,0,0,0,0,0,0,0,0,0,0,0,0,0,0,0
11408F,0.066151144,0,0,0,0,0,0,0,0,0,0,0,0,0,0,0,0,0,0,0,0,0,0,0,0,0,0,0,0,0,0,0,0,0,0,0,0,0,0,0,0,0,0,0,0,0,0,0,0,0,0,0,0,0,0,0,0,0,0,0,0,0,0,0,0,0,0,0,0,0,0,0,0,0,0,0,0,0,0,0,0,0,0,0,0,1,0,0,0
11409F,0.6911,0.013311148,0,0,0,0,0,0,0,0,0,0,0,0,0,0,0,0,0,0,0,0,0,0,0,0,0,0,0,0,0,0,0,0,0,0,0,0,0.011647255,0,0,0,0.073211314,0,0,0,0,0,0,0,0,0,0.013311148,0,0,0,0.351081531,0,0,0,0,0,0.212978369,0,0,0,0,0,0,0.259567388,0,0.039933444,0,0,0,0,0,0,0,0,0,0,0,0,0,0.013311148,0,0.011647255,0
11410F,0.221949298,0,0,0,0,0,0,0,0,0,0,0,0,0,0,0,0,0,0,0,0,0,0,0,0,0,0,0.025,0,0,0,0,0,0,0,0,0,0,0,0,0.025,0,0,0,0,0.025,0,0,0,0,0,0,0,0,0,0,0.275,0,0,0,0,0,0.45,0.025,0,0,0,0,0,0.15,0,0.025,0,0,0,0,0,0,0,0,0,0,0,0,0,0,0,0,0
11411F,0.314667697,0,0,0,0,0,0,0,0,0,0.02173913,0,0,0,0,0,0,0,0,0,0,0,0,0.695652174,0,0,0,0,0,0,0,0,0,0,0,0,0,0,0,0,0,0,0,0,0,0,0,0,0.02173913,0,0,0,0,0,0,0,0.130434783,0,0,0,0,0,0.02173913,0,0,0,0,0,0,0.086956522,0,0.02173913,0,0,0,0,0,0,0,0,0,0,0,0,0,0,0,0,0
11412F,0.084160997,0,0,0,0,0,0,0,0,0,0,0,0,0,0,0,0,0,0,0,0,0,0,0,0,0,0,0,0,0,0,0,0,0,0,0,0,0,0,0,0,0,0,0,0,0,0,0,0,0,0,0,0,0,0,0,0,0,0,0,0,0,0,0,0,0,0,0,0,0,0.012195122,0.569105691,0,0,0,0,0,0,0.097560976,0,0,0,0,0,0,0.321138211,0,0,0
11425F,0.160797077,0,0.016393443,0.024590164,0,0,0,0,0,0,0,0,0,0,0,0,0,0,0,0,0,0,0,0,0,0,0,0,0.008196721,0,0,0,0,0,0,0,0,0,0,0,0,0,0.008196721,0,0,0,0,0,0,0,0,0.008196721,0,0,0,0,0.262295082,0.401639344,0,0,0,0.008196721,0,0,0,0,0,0,0,0.049180328,0.081967213,0,0.008196721,0,0,0,0,0,0,0.098360656,0,0,0,0,0,0.008196721,0,0,0.016393443
11426F,0.100074698,0,0.006944444,0.006944444,0.020833333,0,0,0,0,0.013888889,0,0.006944444,0,0,0,0.013888889,0,0,0,0,0,0,0,0,0,0,0,0,0,0,0,0,0,0,0,0,0,0,0,0,0.020833333,0,0,0,0.006944444,0,0,0,0,0,0,0,0,0,0,0,0.222222222,0.430555556,0,0,0,0,0,0,0,0,0,0,0,0.048611111,0.0625,0.006944444,0,0,0.006944444,0.006944444,0,0,0,0,0,0,0,0,0,0.006944444,0,0,0.111111111
11427F,0.080670759,0,0.008403361,0,0.273109244,0,0,0,0,0.105042017,0.042016807,0,0,0,0,0,0,0.004201681,0,0,0,0,0,0,0,0,0,0,0.025210084,0,0.004201681,0.004201681,0,0,0,0.004201681,0,0,0,0,0.004201681,0,0.050420168,0,0.012605042,0,0,0,0,0,0,0.004201681,0,0,0,0,0.155462185,0.180672269,0,0,0,0,0,0,0,0,0,0,0,0.008403361,0.004201681,0.025210084,0,0.004201681,0,0.004201681,0,0,0,0.004201681,0,0,0,0,0,0.016806723,0,0,0.054621849
